,x,y
0,-8.645907646293791,6.103645733393239
1,-7.194114533207277,6.090272966599964
2,-8.531906681209101,6.100312016786479
3,-6.78983358216875,6.090636964423162
4,-7.405930136749432,6.029870858330269
5,-10.977880122842137,5.094965920249986
6,-8.920661998910001,5.961383231833086
7,-5.360529491638752,6.636025430475652
8,-8.344418704553817,5.93539594054397
9,-8.086651849214956,6.00231513836134
10,-10.206311634834016,5.590363446184244
11,-7.396850767469449,6.0467109874370015
12,-8.600635110442095,6.087795566950399
13,-6.538274666010053,6.168929357149622
14,-7.307680920336185,5.935600150854297
15,-7.43256297704324,5.7917309044581
16,-6.218334988180529,6.111112433538761
17,-10.436375645084787,5.459650593871458
18,-9.088250191842535,5.915074384946359
19,-6.773133921601274,6.127755008655964
20,-7.161794562034586,6.151090280333089
21,-7.150455243565525,6.034198652304158
22,-7.48095550811822,5.907756445832705
23,-10.260200748488476,5.605384813589816
24,-10.951095782510908,5.083039554745562
25,-9.99024898313021,5.753497003565038
26,-7.748806750319373,6.002842546423564
27,-6.538287569541513,6.104957862480794
28,-5.703002602506475,6.3993546335982465
29,-7.098806239493385,6.033266514980591
30,-10.914790094573384,4.93748397191115
31,-9.377594404493149,5.927705502215006
32,-7.684204385847769,6.010017355541511
33,-7.712141788754272,6.082014903621986
34,-6.695010931181736,6.171852565928484
35,-6.1272013409601245,6.177346378366547
36,-10.243928526882822,5.722020819312557
37,-8.451405086714766,6.024627866433987
38,-5.533243464847237,6.565614041086199
39,-10.580069577282016,5.432186185497368
40,-6.590527876375779,6.07451148169555
41,-7.527689396856264,5.83192551580849
42,-8.057113393765292,6.049305964114366
43,-5.176518470665368,6.784773147724354
44,-6.070160713533745,6.361772419506656
45,-7.862981746025568,5.956718304436235
46,-6.711193028585633,6.197285680357308
47,-8.938054600219456,6.036167079685624
48,-7.521639092350835,5.947648880559363
49,-5.008820073542713,6.926583963080046
50,-6.5416659607157674,6.087754862470838
51,-5.239491211861389,6.793247713856803
52,-10.634085225040444,5.379202845006176
53,-6.201502346304111,6.301824396488341
54,-5.296783299863433,6.737354141785457
55,-10.209185307981695,5.579418828503587
56,-10.846410309709539,5.17292802472792
57,-5.827376235994569,6.466300516914216
58,-5.794458232409017,6.294298121439894
59,-6.129591708259255,6.293577202402055
60,-8.625643222569616,6.07357360199303
61,-8.062681534151096,5.961376203710861
62,-9.140366569893674,6.048326040929773
63,-10.41707222790227,5.518000260980219
64,-8.689393686831245,5.904543731166394
65,-6.848876446293136,6.153677876833776
66,-8.34159488726971,6.158100503860437
67,-10.79742932027321,5.234483961555809
68,-6.611051932879452,6.081501513353698
69,-7.826726312680593,6.137046603053422
70,-7.918222141211493,6.17816965349134
71,-6.960658792475662,6.084809631251812
72,-8.789587961365187,5.751853503705711
73,-9.148395090334875,5.7697081526686365
74,-5.098609663074549,6.806919723629653
75,-7.857894525958072,6.091349877124271
76,-8.867100797932792,5.871996948550393
77,-7.636644973243077,5.795819432039847
78,-5.674972777029447,6.630861311913006
79,-5.999477023609646,6.3765334660677
80,-9.169583191672976,5.874334303366418
81,-7.288709329747576,5.975120772237019
82,-5.713384457394258,6.482458221867848
83,-8.979071674604162,6.021315750523608
84,-5.210200763184087,6.8225306228638285
85,-8.54739172421149,6.036773409812855
86,-7.704926447540355,5.915842670245406
87,-5.961565022163439,6.321397048974508
88,-8.782816081118213,6.05558728940867
89,-9.264269571669407,6.156143424002491
90,-6.761748186751853,6.005733737112427
91,-7.966728199465741,6.013144198547001
92,-7.817438413994181,6.079187729952312
93,-9.589449349235393,5.725997409367981
94,-10.165553941878404,5.515695263691604
95,-7.4630897436375125,6.038283975129118
96,-10.829446495136047,5.301517399906937
97,-9.92347987646587,5.877234092585225
98,-8.5693962336224,6.167537765894272
99,-6.986546653692115,5.991952050955238
100,-8.326320791536634,5.888243882240406
101,-10.091231447327793,5.623543037261958
102,-5.320838525950282,6.809893024356714
103,-8.720871968159045,5.92733417969664
104,-9.241236015310674,5.986371075228027
105,-6.394887236356568,6.322862099923967
106,-9.077668589718431,5.881313879831739
107,-10.2569481939482,5.4604385393373835
108,-10.799380004484943,5.021841568888313
109,-9.564514357343292,5.905362684742684
110,-7.1121425608309305,6.060787238617016
111,-10.234495595022992,5.773172425161182
112,-7.925445006039392,6.217291049074198
113,-8.5480223347743,5.815942710297913
114,-6.457893492805,6.126068996070007
115,-10.509621408070126,5.4274689251461075
116,-6.197555708808403,6.38263170563721
117,-10.7662047789854,5.2773839708853885
118,-9.43434675403908,5.896459573492753
119,-5.875327790490655,6.38558511141679
120,-6.93986306391428,5.928718300991271
121,-8.124177123649785,5.886779096739509
122,-5.410253088390695,6.723318170569105
123,-6.396990343360072,6.173605739163323
124,-8.172431195399021,5.911936539864227
125,-7.3351539792913325,5.793974779630607
126,-10.975056688933215,4.970917542204782
127,-6.671099458219893,5.927585614195838
128,-9.854720306561338,5.827173593166466
129,-6.248859440951666,6.144568513278071
130,-7.010287972411238,6.088977681123584
131,-9.00409422720418,5.878250816028761
132,-6.755897403421621,6.007047551898849
133,-7.715686267329975,6.010965963457157
134,-7.02218927497971,6.147698122531412
135,-7.592192658789145,6.151609590497091
136,-5.176229382340528,6.7754877911446325
137,-8.47320811461633,6.013406101806769
138,-9.849834233973903,5.775258013773063
139,-6.9912792676190625,6.073862520019722
140,-10.921915029688847,4.947280668219856
141,-9.218260321770806,6.09422061229181
142,-6.560537144099877,6.232130459140526
143,-10.099096579904742,5.5881615163185225
144,-6.434388768640119,6.042581773752704
145,-8.327387116377082,6.023837938375859
146,-10.16523288621392,5.386228941893525
147,-5.507160165124764,6.5537030867882455
148,-7.132394330585487,5.984267173283241
149,-9.81951293309191,5.647952126918978
150,-5.555402163842831,6.727033881952538
151,-7.920605463762435,6.113913048043656
152,-9.330504486726294,5.92434027591759
153,-10.095388754000027,5.709857259558515
154,-8.43452333487013,6.328289469787427
155,-10.065933667336704,5.629305669751646
156,-5.411554896389104,6.75956914934404
157,-10.55291882824771,5.389579700430556
158,-5.775266262400352,6.36880265204596
159,-5.159293615872768,6.778289207783613
160,-6.733793628578195,6.018238184424718
161,-6.557273406263674,6.127761208903921
162,-6.195615567321768,6.1865546829237585
163,-9.234634460240533,5.938061535800687
164,-6.844518857328879,5.98434381130652
165,-6.959132286416469,6.1435835078022345
166,-7.667800805620612,5.985562106527719
167,-9.935941341449276,5.843311333987479
168,-5.643276269398802,6.518325504454624
169,-10.031959256062603,5.530052024367374
170,-10.829704829602868,5.27348826228653
171,-8.168603045208643,6.019260270664554
172,-7.653460080755475,6.028198365151049
173,-6.836789826300934,6.049438316722433
174,-10.186992938062504,5.655039598535765
175,-7.035742248788662,5.844825763390656
176,-5.366188054166956,6.581060796640539
177,-8.178382854740105,5.897238150199446
178,-8.654200785769891,5.901961273053482
179,-7.887218965506919,6.065285189193246
180,-8.74281249466056,5.967880927811688
181,-5.708118179488653,6.699469609555185
182,-10.18609684893206,5.668964204136145
183,-10.480767090884015,5.389647751976048
184,-10.53474183032947,5.453496614337337
185,-5.832669713282854,6.4187665036850285
186,-5.204064738590697,6.729487567839495
187,-6.197477226214071,6.2319280834742745
188,-8.988703121799142,5.969652206544165
189,-6.337211457966354,6.149816772804226
190,-10.908923937290863,4.854420944295565
191,-5.535869844740916,6.653147572489491
192,-9.072676993583789,5.966932263468354
193,-10.962851918416844,4.951367087020032
194,-7.76694454605693,6.028475320013883
195,-6.818678686226596,6.203283868203886
196,-7.484791686596507,5.966963955514227
197,-10.650826454850687,5.202102821801597
198,-7.062862766286617,6.0880439430368245
199,-9.596075805997014,6.0653815747393365
200,-7.178454182955894,6.029299118447921
201,-9.634725530543545,5.862394623886575
202,-6.688538576613093,6.096097390387275
203,-8.720717724758723,5.921938987488559
204,-8.900705019445754,5.97213146488087
205,-9.938332279377537,5.5169778557867755
206,-7.431013921098075,5.8461606456984665
207,-10.807782331193435,5.196204933383847
208,-6.774712437150416,5.955990206071851
209,-6.975106678960431,5.958090265325159
210,-8.126925255014381,5.986872450837422
211,-7.806045063095785,6.072840510334236
212,-9.798227519424085,5.827843169086037
213,-5.984245011460834,6.314137169422875
214,-7.327374364179219,6.140722838233426
215,-10.397998411134765,5.402734044309143
216,-7.184084096865341,6.085523375784518
217,-10.1930254660579,5.579718441946051
218,-6.538450957052364,6.051914590867122
219,-9.323246694777696,5.961366270744725
220,-10.823633958005097,5.242136379611715
221,-7.640047302139817,6.065231689911634
222,-6.472329725985327,6.006418443114239
223,-7.6432594899260025,6.158256382027469
224,-7.225166718349818,5.877389856643274
225,-6.965652466888221,5.99793057921803
226,-5.105541254966913,6.99693334788423
227,-5.225043533826154,6.821051067055931
228,-7.926553723438268,6.032854130498236
229,-8.964656962172766,5.802615395158262
230,-8.498020882531652,5.868446864658841
231,-9.116143092083897,5.980184160705802
232,-6.569053421422466,6.19085811302698
233,-7.736716315670329,6.062854003418403
234,-9.302949200074615,6.00054113767629
235,-8.044518144876623,6.008876551383035
236,-7.1671292089898255,6.244738945106263
237,-9.4823759729971,5.860249384524293
238,-10.431546001375677,5.558501252765191
239,-6.993453989450064,5.9112938887441056
240,-8.45623026925239,5.891947663141282
241,-9.582874807932956,5.879977680597471
242,-5.854019643302475,6.307091831644337
243,-8.858532204731995,5.930135467386566
244,-6.45699010267278,6.168514908082645
245,-8.561681671921397,5.864554336989663
246,-8.937411913734387,6.085476987349564
247,-5.866951077399293,6.525403109155397
248,-6.740450645696181,5.87512581041539
249,-10.22188781065558,5.642475052684537
250,-6.958965181089727,6.099786378421208
251,-6.608208057474998,6.087570568362889
252,-5.904843732688078,6.361231220830325
253,-5.187755152784435,6.854849541786694
254,-9.197765312468428,5.914558509963061
255,-7.042645032291927,6.028901125782377
256,-7.424439694275,6.0799290150833025
257,-7.0704275292284,6.173817405513385
258,-6.346415906018022,6.206092607298557
259,-5.397424557652402,6.260424102116312
260,-7.673429675966374,5.977479128651056
261,-8.310890611274113,6.079274186219477
262,-8.617024748946507,6.023806117343835
263,-7.184453359107211,5.999466376898811
264,-10.195301420968786,5.542169485716119
265,-10.855308700937798,5.106657462405174
266,-10.465850210753391,5.407226569006072
267,-7.552634202003267,5.965665648598007
268,-9.080703698558366,5.970857069165449
269,-5.6069752315886925,6.475482397664787
270,-10.517775533218618,5.423927223119402
271,-8.140968451202063,5.984973871224742
272,-5.2215800099635175,6.695570241015583
273,-6.494515321300541,6.08230503112586
274,-7.295765757115027,6.125786277097805
275,-8.664802395623289,5.679933370460525
276,-6.096101550190351,6.238629307133286
277,-8.583368355009675,6.061958882958911
278,-8.069669676613806,6.0140270906272235
279,-5.543301724873546,6.433533537292126
280,-7.225537971963007,5.961022597353579
281,-10.83899419720189,4.958753998160107
282,-9.80490659038082,5.74937862343606
283,-6.766692401513801,6.097601652986334
284,-10.813381495130253,5.339957682204922
285,-8.544773880387716,5.973665153307882
286,-5.402266339205482,6.780793174196388
287,-6.160086484796731,5.912475594578803
288,-10.74518015944291,5.135890061632548
289,-8.360805688338425,6.057971158209814
290,-7.6869913493081174,6.00785754635192
291,-5.1920540758736955,6.763234434516515
292,-6.193435196209756,6.2729509310737255
293,-5.038590337187922,7.130563064806834
294,-7.40018440806495,6.025500247141113
295,-10.8043236605922,5.302178431879551
296,-10.262828038074659,5.592288521708087
297,-5.44502508181193,6.669715207242656
298,-8.758828019817528,5.947304035476907
299,-8.840499743621498,5.795800766577989
300,-8.861134925126155,6.066066894189267
301,-5.482097322354682,6.61884189557225
302,-5.485344383055228,6.362802535739764
303,-7.770776576959186,5.912709657656415
304,-7.506159776355155,5.897144652576297
305,-10.27369410698086,5.5418955611762755
306,-7.829816447824601,6.363204654526919
307,-7.205750370228266,6.044478121673047
308,-6.309165355078354,6.286005321168043
309,-10.951589028934679,5.122019272353858
310,-8.0335705223172,5.967707846537117
311,-5.558267861361171,6.402812581513057
312,-8.867048388435105,5.818962888042922
313,-10.855755363958224,5.087853900834836
314,-9.35022367547008,5.860494797025996
315,-8.716913846853016,5.993572703094673
316,-7.322158911461209,5.963730103162589
317,-6.640060109597368,6.152812485751425
318,-5.159421666826878,6.933139015829447
319,-7.659123059696131,5.986797728935201
320,-9.612726092064568,5.939763927404896
321,-6.229468956151435,6.112384261540665
322,-9.193375177396923,5.9352817749280105
323,-10.86534562626571,5.216272232557493
324,-6.114217768513965,6.232052061650394
325,-5.3950573222374905,6.6487821795711515
326,-7.970807493301047,6.044742164794771
327,-5.446981309017393,6.525561909100015
328,-9.359756956627189,6.016115157787352
329,-7.975630058155194,5.743796669213291
330,-7.065278642960002,5.836154385223798
331,-5.641397403079488,6.594568588816306
332,-10.947786655232605,5.0759550831035565
333,-7.696646299618758,6.061006795436021
334,-6.627525675992742,5.956704476881408
335,-6.489520122465843,6.257099652889891
336,-8.804999734536517,5.961303877537339
337,-6.011332657596921,6.273791263312739
338,-9.664419343583448,5.9461407208103045
339,-6.092330382393344,6.232010464260268
340,-8.679983230502769,6.003679857759399
341,-9.562059160532648,5.918774960576476
342,-10.887983367566777,4.992562469866347
343,-6.306891528396053,6.082154990864978
344,-10.255944597054679,5.626681322944935
345,-6.950742544710848,5.9853222405500786
346,-7.33692939875316,5.943214017824185
347,-9.725995275058624,5.831543299109245
348,-6.570843206937843,5.990382154912327
349,-5.941666798530559,6.259132240227461
350,-7.61759888371452,6.059275753790475
351,-8.389678899494664,6.081107357598217
352,-6.260383464583467,6.177740124477543
353,-9.881191303646258,5.737538238301933
354,-6.622853503038882,6.153653708514298
355,-5.505118948882306,6.810603473894108
356,-7.079188255669713,6.023746034741965
357,-10.232771548609879,5.561390044108412
358,-6.466502666554357,6.067579258723251
359,-8.978546691693811,5.824860701782319
360,-6.440747445462822,6.231002397234057
361,-7.049710926097604,5.961860072570354
362,-6.962458114907163,6.04616846690693
363,-9.500119961566636,5.822654163852715
364,-6.181098852328343,6.185939398483944
365,-10.083549450669675,5.865815757368398
366,-5.428690447600477,6.735688786976245
367,-10.503067760987832,5.4398168855253966
368,-5.414411830097313,6.502320660206167
369,-8.678518093655807,6.140457977762988
370,-9.190424033281996,5.950162172152193
371,-6.171054054531146,6.268157464274393
372,-8.68124426781714,5.883280111941981
373,-7.275069699826679,5.926982215102752
374,-10.686037996737742,5.033818651843806
375,-5.815036005542522,6.485726634163173
376,-7.9064017480033995,5.984660054108624
377,-10.720401099888957,5.3212820204375255
378,-5.18375366587246,6.905654126789601
379,-8.685442615429189,5.959204787820004
380,-7.697375095258947,5.8401943067994155
381,-9.426473188179056,5.935245853435277
382,-6.217075048784819,6.2289529260552
383,-10.270781147547584,5.601217468696417
384,-6.324220065099615,6.101125703747976
385,-8.470995422864783,5.887980555653771
386,-5.542108618790434,6.490611809129783
387,-5.654866180550993,6.406352180817878
388,-6.282693507792361,6.091496935689385
389,-9.533394216599993,5.8383415053803285
390,-9.129656502382224,5.923854529707221
391,-10.924420272152574,5.1836327897077705
392,-10.022997569863078,5.724902039837447
393,-6.942890531932796,6.049374393750706
394,-9.927087430941047,5.590563063706066
395,-10.326853436301036,5.491362588685669
396,-6.707251551885805,6.052211725892834
397,-6.057349732046896,6.121281823759161
398,-6.5434973038756965,6.088403530423557
399,-7.511737352892519,5.919937690454609
400,-9.69553711222683,5.971094429139668
401,-5.6795056890176845,6.679758342527229
402,-8.354934107310985,5.962676474192459
403,-8.736722683761702,6.10384458667594
404,-6.654214580285895,6.138011406189064
405,-10.856938857207142,5.196768414779957
406,-6.263691282373885,6.3233425473222695
407,-10.61033206449836,5.234194094471771
408,-5.522505254671637,6.7508855358391715
409,-7.682155863971636,6.206942106782216
410,-8.073424162556304,5.830308886743757
411,-7.277174225265526,5.942408044501049
412,-6.381497871262721,6.107278266272714
413,-5.1444665892469,6.926595560469085
414,-7.540554735206336,5.8677540483991395
415,-7.457921350885266,5.975108415065469
416,-8.504596551397395,5.777384946821238
417,-10.029139967781312,5.775880941604861
418,-8.29506195729384,5.991759889870277
419,-5.305395778889891,6.654958436078738
420,-7.398894981999479,5.864908287166605
421,-8.430096336135941,6.030167623289219
422,-10.129212827141464,5.669692595234065
423,-7.487882297002997,5.949310896265714
424,-10.506450825867098,5.236271950192224
425,-8.735871845150946,6.039258895340948
426,-9.508387824733298,5.927196760816603
427,-7.725338893432675,5.857066442031788
428,-5.026929650769527,7.062906173173042
429,-10.842638808615062,5.067061875208225
430,-5.542012703659152,6.509757124706238
431,-7.578892436363304,6.004622356592782
432,-6.604452824844252,6.133170988331259
433,-7.499664592568719,5.757806732149517
434,-10.211650340538956,5.676536082945005
435,-7.780357732823338,5.88681701830774
436,-10.727096974996154,5.323607516109971
437,-9.511603474900522,6.0067024548577255
438,-9.78271079448103,5.789916628895585
439,-10.736864232977835,5.195843234675528
440,-5.52017300601175,6.541588269542678
441,-5.537408126729456,6.576988909388078
442,-9.145098546401565,5.7625796268776845
443,-10.181133440035474,5.701079119614335
444,-10.600567688793586,5.293780596668695
445,-7.932067888630829,6.146017074032018
446,-7.038926915087935,6.134956937171572
447,-10.605856896406953,5.215446437221602
448,-10.079575911624097,5.670103927696508
449,-6.643604968019472,6.065826108186811
450,-8.785446676322916,6.001158429496444
451,-10.062635406880588,5.6813511274422535
452,-9.860108561010751,5.9773027176858875
453,-8.887539681931194,5.861499067996504
454,-6.17312496707046,6.162648464594341
455,-10.383566126550882,5.505246321817668
456,-6.975973947070189,6.205453489694561
457,-6.513139760369092,6.007878156232057
458,-7.484092983338396,6.016123729148521
459,-6.475375018019335,6.063026690309597
460,-7.067379767072563,6.098240472522323
461,-10.259990359601801,5.565435597061211
462,-7.743902648842671,5.979887804078119
463,-8.899293403156912,6.055940544027286
464,-9.012282382538181,5.878291409867727
465,-10.343807846959093,5.585402447187157
466,-7.198465317619531,6.175452400206911
467,-10.342564216063165,5.655629147121773
468,-6.097001608939133,6.080235009501145
469,-7.375923697004388,6.025249720824181
470,-10.31787682046326,5.506135933690431
471,-5.452612857567267,6.708178275924209
472,-7.524527223915809,6.071342428001065
473,-5.352647588150903,6.769171559767492
474,-5.572625075221039,6.52817846146064
475,-8.20517972090269,6.125158176114536
476,-5.52758401754777,6.6631282286935205
477,-8.224808309785551,5.959812862056313
478,-10.621062870641945,5.367270227298863
479,-9.077522837959108,5.927047489156015
480,-6.122126711144418,6.377762762829948
481,-10.478425837853868,5.4065043552444765
482,-5.9158006553736815,6.310692585672025
483,-6.179956063827104,6.240231193228555
484,-10.965666275317655,4.972979017160783
485,-10.455245091262807,5.416020537335906
486,-7.88979777069679,6.140790775100298
487,-6.097852955445075,6.335956101513664
488,-8.435750351969205,5.986589260814002
489,-6.019095538599028,6.566376659989089
490,-10.71856937302645,5.0857904170920865
491,-6.67963872175501,6.106313256673655
492,-6.173967295081306,6.245429812784902
493,-10.800573398246216,5.043643594427083
494,-10.176493864164609,5.485489327815253
495,-6.374324699831527,6.2662621891268575
496,-6.792561920517422,6.276338905476304
497,-8.385182719384593,5.936370472506372
498,-10.315132338959497,5.576113564416494
499,-9.560104414211692,5.683167873109364
500,-8.565713535512558,5.891183765568699
501,-8.2397849729432,5.915823490620545
502,-8.759450917613893,5.963893640906086
503,-5.358509922999113,6.830597875529764
504,-9.185532420134596,5.99833047341434
505,-8.436889315748921,5.90508862400353
506,-8.224799605065948,6.113364126599718
507,-6.610256585403645,6.048680791646825
508,-5.869952314394575,6.470897300660595
509,-7.763903180936036,5.948133863030714
510,-8.13896114439243,6.147038658322056
511,-10.107264747349987,5.682150764252422
512,-7.497367736198957,5.906954075353924
513,-9.867380504055218,5.715435248275717
514,-5.626726850069344,6.520687465207604
515,-10.963058224343285,5.0660447572659795
516,-7.103094070556068,5.968631121594299
517,-7.99863831097917,6.102632751848887
518,-5.109906127265635,6.716837311316646
519,-9.149528990175739,6.014680658185504
520,-7.498240032233014,5.920741706182623
521,-5.661559884690765,6.566077191848226
522,-9.05010115682254,6.015923824641586
523,-7.037316873335936,6.1543340800943085
524,-10.402514874848908,5.730706095723724
525,-7.415836658444133,6.214397019626401
526,-5.9211798952276125,6.314517455941294
527,-10.513512347092567,5.398013999446935
528,-5.231591642993948,6.808222057727162
529,-8.417086963899411,5.938174294799741
530,-7.665191938525701,5.924675439757417
531,-6.197548994791298,6.1424503475476735
532,-7.498080583598149,5.962390642985216
533,-7.8462845011168945,6.050672678908886
534,-8.255482108132242,6.094591559074514
535,-9.827281797257791,5.659602004059963
536,-9.976918485308929,5.719902630947004
537,-6.8469437557908535,6.309854746709271
538,-9.652710319697041,5.760923941636008
539,-8.661831898007,5.986704251975987
540,-9.56525042882776,5.8396579903660015
541,-7.423337341688697,5.975893914782353
542,-9.069214489039577,5.900027701665812
543,-5.1444988513338,6.842134632278258
544,-8.550233139439557,6.1017039288103785
545,-10.684360979940356,5.371686884374545
546,-5.162740792943432,7.0117117821419965
547,-10.565262303802516,5.247007784143715
548,-6.919435265468921,5.947894389064675
549,-10.41044489361293,5.548527254208426
550,-9.774623725275067,5.589695603560672
551,-10.051422561819889,5.658387255481901
552,-10.32748642273139,5.4156106365697845
553,-5.881854444796163,6.282682030836832
554,-9.927572897090299,5.722448585926357
555,-7.081805128100825,6.102038780978179
556,-8.968526756740664,5.92247515905177
557,-7.011826518811113,6.148647243950927
558,-8.481903927809306,6.019289099760024
559,-9.444249791197327,5.813516159081582
560,-10.536243618558306,5.520547747145381
561,-8.350862259785153,5.925692837073971
562,-10.63071689062987,5.468211320168547
563,-8.171087836483652,5.93047323340146
564,-7.260520970841352,6.097503793462398
565,-5.892320112606221,6.282767994582948
566,-6.0702223142809775,6.308253138960194
567,-6.963952447927971,6.0597241415217
568,-9.199247210756337,5.909626636183325
569,-9.941195533218648,5.640737975827217
570,-10.897970007537667,5.098539886966453
571,-9.139598939426488,6.0188004109454125
572,-7.174230243731698,6.069136608151589
573,-10.040100329489977,5.74736702131196
574,-7.519142717216937,5.932523633053255
575,-8.781008591646744,6.099542164684914
576,-6.500252297806531,6.129051957245414
577,-5.381213250263075,6.652664699022745
578,-9.699686405788793,5.681423589005296
579,-5.596556361709824,6.547358108324154
580,-7.0344338945976315,5.928824899958999
581,-9.21316163315879,5.851710815175633
582,-7.3995644459136285,6.002074647726828
583,-9.228128918922025,5.897231935009349
584,-6.035452287666912,6.260464508874715
585,-5.548901315262185,6.560141246225353
586,-7.956777346057256,6.0893330473074885
587,-9.090152997475665,5.71109761941204
588,-10.56434201120689,5.313269167986332
589,-5.459036305857495,6.620800709950962
590,-9.650681501100648,5.697209295229976
591,-7.007831860334216,6.0972120191107635
592,-10.018206723045308,5.6982474145874695
593,-7.487596337524918,5.900515710378863
594,-6.468273719738192,6.193104997817491
595,-6.598883849827075,6.163154680349692
596,-8.501603029595262,6.01339481341098
597,-6.23957876932138,6.3533156795223285
598,-5.175636187824417,6.833014843218881
599,-6.184293970253403,6.114990996962383
600,-8.628457494067337,5.9573899918573705
601,-6.686664624161402,5.948630339574011
602,-10.162267642410741,5.644540890901204
603,-10.458995271995292,5.501661740579298
604,-10.328022274955021,5.5293798459276395
605,-6.207921196185556,6.071079977302508
606,-6.914031981848444,6.115907801878246
607,-5.191035569385993,6.89962754981124
608,-5.276407166867671,6.674804102862896
609,-6.505454674837698,6.2250009555707
610,-10.354455314443893,5.607722336747718
611,-6.245315437458304,6.0871085684702955
612,-8.108444783405858,6.005342526454166
613,-10.210909785374104,5.401398529303835
614,-6.624387500863335,6.046675854089201
615,-6.815620950446944,5.87191291840365
616,-5.69464774950392,6.411634707653931
617,-9.955071049047723,5.689209516060936
618,-7.092324874334706,6.015908788733441
619,-5.282905171459237,6.671195885597257
620,-9.989181251585386,5.803715448484608
621,-5.855419174525655,6.468581760239815
622,-7.9527935902193025,6.065720988988107
623,-7.726359870916021,6.085130006142635
624,-7.523170916638182,6.059712169976293
625,-5.823521871582712,6.337662398436557
626,-6.824831904946739,5.959405664377959
627,-7.045069334706887,6.021027013843225
628,-6.907292612408678,6.090789475548571
629,-5.653598089032895,6.472231260272916
630,-9.139684314242988,6.061053465296062
631,-5.579383671511051,6.421461047879006
632,-10.810243483687852,5.238789646421576
633,-7.151531165367354,6.112491349428984
634,-7.973381667309315,5.991956738699105
635,-9.005053754233467,5.952260787483092
636,-5.743101995096939,6.509575955153166
637,-10.75455483917123,5.151154652918313
638,-8.159283415581752,5.874587932761003
639,-9.806171659704964,5.6046350039465676
640,-7.109320873848601,6.088117975087446
641,-9.064553346936423,5.920620876377696
642,-7.630446498421496,6.012812587847832
643,-7.030249026221041,5.998263207005427
644,-9.65031436136326,5.863048938079926
645,-5.516006604588426,6.606358547490052
646,-7.82431238784287,6.061116791161421
647,-5.191515978615695,6.790154123574102
648,-9.960037985274763,5.8255555906386
649,-8.171183020423445,6.033565343737454
650,-5.608779649913972,6.499724644070851
651,-5.760667637457852,6.402562500736077
652,-8.63845972101961,6.03563319051186
653,-7.033020652463582,6.174802345179297
654,-8.50529989562704,5.9467757908224375
655,-9.010225843756494,5.941582010608979
656,-9.542998623016137,5.704967114748284
657,-10.278326173020233,5.6344873591925655
658,-10.124679859111716,5.509761917014424
659,-9.13523882633785,5.8254271849578005
660,-8.390536130777392,5.939593880110158
661,-7.851646171798834,5.853204941151349
662,-9.809972662775216,5.805002702299825
663,-8.32681153020919,6.226497707731192
664,-9.517059952043246,5.730539663423974
665,-6.403163229954311,6.10934127269399
666,-7.316215518548656,6.131214065836543
667,-7.534966877869928,6.003817713917296
668,-7.9908529864976074,5.926505843039348
669,-6.163147938356228,6.125499871004454
670,-7.653275338508397,5.996272758939112
671,-5.062892900586067,6.79614298289557
672,-7.041302812854549,5.975247877560816
673,-6.857164455649306,6.179591536678413
674,-5.616952569358278,6.353655559178935
675,-9.317735800764193,5.952955039249314
676,-5.378754567344868,6.63578736252112
677,-10.32485830127284,5.679606424644201
678,-5.53641900524252,6.455450565874062
679,-6.876309147573383,6.153021882039023
680,-7.868420217332328,5.940005551243331
681,-10.308916163507362,5.644089318449172
682,-9.23844462917777,5.770155591451476
683,-10.942367824280343,4.993115986147525
684,-10.063086594882998,5.7504615778386885
685,-5.359132905923971,6.6867730524772275
686,-7.173302761581066,6.029714385314409
687,-5.299602525376196,6.815772204808728
688,-10.948370523664336,5.142587560766332
689,-8.611549116167929,5.907597725710667
690,-7.569997140862993,6.062101312152481
691,-7.886738069361703,5.971105144734411
692,-10.280747095777649,5.648974866729377
693,-7.57822321441123,6.013011698631242
694,-5.786481001988222,6.534171204360261
695,-5.928285391992312,6.250666575241307
696,-5.828826267399966,6.373379566644015
697,-10.557898216117831,5.21793398010548
698,-9.839410378527065,5.795408380454255
699,-5.7462668156856775,6.415510719823392
700,-5.36700590730003,6.710531058079123
701,-7.271313358572176,6.019145165420823
702,-10.242151608734023,5.703054398595702
703,-8.095161830879778,5.887351179900298
704,-5.994800934977582,6.332749387762797
705,-5.448237509319707,6.756294125822932
706,-8.169931429285583,5.989804000638542
707,-10.510617290020866,5.596589181230439
708,-8.09874783910915,5.952646832799609
709,-6.442620632458854,6.086968364364914
710,-6.775462961146502,6.1212096430942875
711,-10.607728607069294,5.276359373391714
712,-6.415690403627645,6.230172326109222
713,-7.028199741063335,6.1433630961491215
714,-6.118790005866615,6.061284392706884
715,-9.58171713232009,5.8961843486588945
716,-7.622598992113838,6.025415641125039
717,-9.506369408331318,5.990750820644025
718,-10.23805583725865,5.666178404398148
719,-8.462254007981153,5.9575406926001975
720,-7.498570623197445,6.06302586800011
721,-7.563871869849563,6.0267943173501575
722,-10.430156646845154,5.419790423515954
723,-5.595573278193619,6.514796048686193
724,-7.547256412961277,6.082239032790446
725,-8.996692952750047,5.964226315185529
726,-8.10675323806764,5.954257087523353
727,-6.854945265108322,6.109222548043897
728,-9.304683616432468,5.747590061555419
729,-7.795355253591528,6.055634377175903
730,-9.285887836284548,5.918142022796689
731,-8.013842826660742,5.970982740049744
732,-7.842540563997874,6.013074237091131
733,-5.961301367289529,6.255988813726761
734,-8.449491372310984,5.951093109476912
735,-6.60477565731609,6.15981517785365
736,-10.407569416941424,5.4975989472969635
737,-7.335719417917256,5.858783002965398
738,-7.53208010143602,6.08427867846803
739,-6.290548603655515,6.420510535544791
740,-5.4041647890829285,6.65811961637058
741,-6.349519524169741,6.188008917566038
742,-10.623502746398895,5.242567506206613
743,-9.303540441239797,5.980364494766286
744,-6.923960490001651,6.077250839278408
745,-10.687776415266626,5.2392013139662685
746,-5.862365637664137,6.4135172141056
747,-7.346525798525102,6.000750975587397
748,-9.981169540411988,5.723092298893804
749,-10.183913883758873,5.576853986542016
750,-8.02570882870393,6.072338200094265
751,-8.717904500799536,6.170005952380825
752,-6.924459955823469,6.143495255351232
753,-9.814029541409065,5.746082246618213
754,-9.74002108679396,5.745605905077236
755,-10.597723413460773,5.3158191898498295
756,-7.625988437430929,6.194011160084716
757,-5.00606756287396,7.0885386682532605
758,-9.651913890262819,6.07701012504754
759,-8.430307980747932,5.815673823800412
760,-9.799235650533483,5.725708501980273
761,-7.843292778631949,5.941594941015483
762,-8.061518952482945,6.047580807806982
763,-7.538335095119508,5.7580352318768835
764,-6.342424357526242,6.334223773685155
765,-7.19810009383656,5.9773405663532255
766,-6.991600593631394,6.287206653369974
767,-7.456951653139775,6.079487617830046
768,-8.899251614394771,5.738777787256902
769,-6.13291068988017,6.297456296598497
770,-7.5108574471978615,6.08657288180572
771,-8.251693865976236,6.017235818995707
772,-7.040939667574946,5.972194049315844
773,-7.060247270613743,5.988619839653377
774,-5.89673397094195,6.37483125306501
775,-7.42336579567565,6.236609010111358
776,-9.861979803326738,5.608570088588724
777,-6.308727629986602,6.179454940064862
778,-5.369231315929109,6.772438170895556
779,-9.970319113486944,5.7934023360211455
780,-9.689909852448023,5.755775641160591
781,-7.232822364002029,6.114565163644744
782,-10.712016015851155,5.363711701300235
783,-8.019747645831245,5.910401233729958
784,-5.681180622361925,6.460256666993238
785,-8.368433469002019,5.986590633043592
786,-5.256684846380293,6.829273619349774
787,-6.197862480858377,6.360975233079669
788,-6.95054660980597,6.002455347792081
789,-9.383914888465966,6.053527305575725
790,-9.05832430294393,6.007984761659848
791,-10.303846949135297,5.525748696420108
792,-10.74258087843189,5.366018982070901
793,-6.395962401104842,6.1685042398916305
794,-5.313708355392663,6.671184785148131
795,-5.2252939086303805,6.77180066237568
796,-10.888132756431602,5.328814341915268
797,-8.026804622538027,6.062390522696608
798,-5.7257715821780835,6.657748858069898
799,-10.646428926421276,5.281559888741247
800,-7.2549671526125525,6.123281434901054
801,-5.630826787696425,6.447668779741372
802,-9.249930600906742,5.935169975953044
803,-8.177346340551015,6.160849660761776
804,-8.349149649594514,6.077508828409994
805,-7.592046288603745,5.86051981479309
806,-8.795025045774652,5.915274845033272
807,-9.146391208435167,5.970232658220063
808,-6.033771672232578,6.270404945678111
809,-9.728750278562739,5.698074557798838
810,-6.661346201692582,5.982063674498787
811,-10.139124150845007,5.6164487016365845
812,-7.3125700654845,5.9626729224256145
813,-8.332077285488884,6.064960803509813
814,-8.4172337011303,6.127262314086233
815,-10.957205324170282,5.09307615824528
816,-8.520351741216173,6.148701313905457
817,-8.244757009921027,6.019941334907999
818,-10.232564768584872,5.601380951377786
819,-7.64450842891378,5.980909129991977
820,-5.645334941841037,6.427703314828968
821,-9.178333650357708,6.098629977516122
822,-5.171216915063244,6.655251698639708
823,-8.0577500735123,5.870030377094653
824,-8.633767652325439,6.125424708073134
825,-8.100699869229036,6.0014932553698985
826,-9.04362733491068,5.940133719530298
827,-10.655315105870073,5.3565541632047875
828,-10.585524418211687,5.4925285581358825
829,-10.198027420880337,5.689908345482722
830,-8.137389506123974,5.917807703071394
831,-6.304309106307394,6.123355129490643
832,-5.799650545817738,6.32185136039043
833,-6.889394339834538,5.952775683432669
834,-5.930624956169329,6.332337365326404
835,-9.662578621367683,5.816674831594994
836,-8.93648996123756,6.146337386365331
837,-5.220248025473769,6.856350358449903
838,-5.932960334006473,6.241091924733233
839,-5.455728958550378,6.615666935655892
840,-7.47679461182798,5.980248705925129
841,-10.712597923452758,5.390253944194872
842,-10.152052147012354,5.599361807283104
843,-7.251705206825511,5.956531872175904
844,-10.96367550551879,4.82263624092537
845,-10.51103911760862,5.528653492370106
846,-6.933722298071132,5.9680413585152525
847,-5.362301981336163,6.687320554584869
848,-8.628729257183469,5.9959499397792815
849,-5.354576370403,6.671368339644447
850,-5.723509155680414,6.473695816625591
851,-9.16214665451652,6.0188440224464035
852,-10.77223012088227,5.168038587612109
853,-10.611311362059284,5.349523762173893
854,-8.167931358345246,5.9816125424214786
855,-7.697401076304254,6.0142438797586655
856,-5.506002837079677,6.430269634277218
857,-5.524553491079676,6.6660984220368995
858,-7.806256156912037,5.817070046952436
859,-10.372481689198029,5.564895775698548
860,-5.701164062664919,6.489367858417015
861,-7.426884137669244,5.846637034814753
862,-7.288532832736758,6.194973380066886
863,-9.061771888170078,6.073944603401434
864,-9.388775169924363,5.696253140738448
865,-8.847868918059058,5.980650059743288
866,-9.025034495293554,6.085223056727779
867,-6.588397720751323,5.8837533994636875
868,-5.089336600466676,6.780549134635832
869,-10.034938658154037,5.939886098348306
870,-6.058469609174105,6.222174084190563
871,-9.947829506304304,5.760803318199354
872,-8.311673421319345,6.169736104933868
873,-5.133024710938924,7.015372600525172
874,-8.814876752263173,5.931068042481642
875,-10.237019969667832,5.526628659050114
876,-5.985326098112251,6.371000335522071
877,-6.074550286141722,6.263587092061187
878,-5.457363993647983,6.644743749933467
879,-6.815694950500654,5.976375818312504
880,-5.905782254956491,6.2670958812862505
881,-6.341750611404206,6.261122278354361
882,-6.311744121573293,6.275419553321634
883,-8.810482085271882,6.056809915992169
884,-10.611973203892822,5.2613048186171145
885,-8.13196576480428,5.8944620877870655
886,-9.540319013799527,5.929662993127529
887,-7.287905054879914,6.082500720182457
888,-8.13661466585613,6.111357062117679
889,-8.906484239576303,5.7835314110652245
890,-8.190350330349307,5.959670283236818
891,-8.319421736681088,5.9074525360079555
892,-7.924378238405856,6.099707984930015
893,-5.349078651842916,6.720629602997236
894,-9.027421301166228,5.954973062591747
895,-9.127546161444243,5.957125831891439
896,-7.69376197863005,6.036749727460154
897,-7.67368358546058,6.034064556502291
898,-9.737432006064452,5.772127673619558
899,-7.8052761588897965,5.900201936876219
900,-7.595972179941883,6.1360264299780996
901,-10.121756253759337,5.694839351622217
902,-5.28737491406344,6.68793711985823
903,-5.470651761515794,6.659187116666236
904,-6.683439883686687,6.145251910895852
905,-10.560567377056483,5.62123807880453
906,-5.157382366169213,6.7163031736887975
907,-9.306493699938482,5.865111204391957
908,-5.5290907419905935,6.718226214138831
909,-10.492295630566998,5.557227162295371
910,-9.422132187905833,5.926790551558644
911,-10.738608904740255,5.332613808730789
912,-7.136536619052804,6.023469704516534
913,-6.8012475138633715,5.950718527274427
914,-6.712437703575691,6.019981401166896
915,-8.828231076408255,5.843214143577186
916,-7.508963603968974,5.884850972267532
917,-5.340974767165239,6.824789964358933
918,-5.031285814956059,6.891368858824369
919,-5.7588144140399935,6.416479370612062
920,-6.58270194068637,5.929176542803151
921,-5.149584705755197,6.922225845840611
922,-9.262132139196089,5.792845373061509
923,-5.9912334916003545,6.085092557256593
924,-8.19909172028151,5.9893382472602905
925,-8.976066191531292,6.126732729973795
926,-8.7572019796198,6.016511907532927
927,-8.226229402838221,6.059563270239408
928,-5.73746422477079,6.466464810887225
929,-6.413006930872356,5.995756177008994
930,-10.827303897299252,5.070565828388402
931,-10.826974910248477,5.010431752445981
932,-8.621594167060888,5.900217889071033
933,-7.047133107274599,6.1903779910380665
934,-6.950928784451053,6.124449765187034
935,-8.928021637689884,5.910202644163444
936,-5.793669315218464,6.595469787543352
937,-9.82290862952774,5.7263408604072215
938,-10.30054852936513,5.569943580630501
939,-5.449859437417519,6.423018807556862
940,-7.688699439835127,5.902807449528282
941,-6.9766779912671195,6.107358420561943
942,-8.055512381749768,6.160231066140669
943,-7.756870670983753,6.066836781988817
944,-9.335820172387411,5.839978757341132
945,-6.094319725840278,6.389438433506157
946,-8.544046374398402,5.9636115928828435
947,-8.469602266648323,6.087997176748824
948,-8.690335515567478,5.969788846294278
949,-5.401393608826563,6.6313081863766135
950,-10.832156972353339,4.99747192747167
951,-9.628847113850501,5.765238936109324
952,-8.781495917769615,6.035300600421882
953,-10.069403838779658,5.813285010521423
954,-6.48793083814157,6.258304019641498
955,-6.180836710837932,6.04991589004423
956,-6.515649864715951,5.886761879471613
957,-10.958001613241084,5.017487909803852
958,-5.802555240985548,6.397944448535682
959,-6.2970832067646025,6.26781189819862
960,-9.130529342067367,6.108576751273143
961,-7.836515090604932,6.079877303868836
962,-5.017213872943351,7.064999723478397
963,-8.549239691654572,6.013242924074897
964,-5.223302245610565,6.7256295412759455
965,-7.372719140914882,6.045132072075275
966,-7.160614479729876,5.9713514181590215
967,-6.520098188650068,6.0854193561313075
968,-8.34705964517657,6.090858027178542
969,-10.471003237261096,5.3983412741033145
970,-7.704412954934831,6.032405392434171
971,-7.701266994032894,6.02595011834347
972,-7.806760831822118,5.857774040483204
973,-9.098387741683988,6.067568282079588
974,-6.239733526428906,6.174425143991072
975,-9.704779527511626,5.72160675093659
976,-5.771730361793485,6.2805699953774115
977,-7.777402977846572,5.9814736315289
978,-7.072769835489957,6.132037303170466
979,-7.867735443946194,5.996842093108077
980,-6.706974110038113,5.895858345144797
981,-5.315327804223531,6.923155763708352
982,-5.117976127644982,7.0506684003560895
983,-5.684520766010415,6.621850966851565
984,-8.569808057566446,5.658414757348744
985,-10.589016541189402,5.343221319053839
986,-9.579444569487627,5.961970034602025
987,-5.907174443171469,6.2581814007414645
988,-6.616210107142827,6.019695987850399
989,-9.4144093239705,5.922756924052755
990,-8.769996929415855,6.0472273065913535
991,-8.312639457670123,6.015511133555919
992,-5.753407240471774,6.395450009311127
993,-6.536671945323703,6.091150777481065
994,-9.13776248749367,5.976787535460178
995,-5.285850399594986,6.610094220327234
996,-9.200060812298663,6.0347470775627325
997,-5.014514743662949,6.97044218792688
998,-5.003523236758117,7.059373515511465
999,-5.172335237638168,6.761876356377799
